sensor_id;	sensor_type;	location;	lat;		lon;		timestamp;		temperature;	humidity
33492;		DHT22;		20010;		51.488;		7.232;		2021-04-26T00:01:14;	4.20;		99.90


33492;DHT22;20010;51.488;7.232;2021-04-26T00:03:40;4.20;99.90
33492;DHT22;20010;51.488;7.232;2021-04-26T00:06:06;4.20;99.90
33492;DHT22;20010;51.488;7.232;2021-04-26T00:08:33;4.20;99.90
33492;DHT22;20010;51.488;7.232;2021-04-26T00:10:59;4.20;99.90
33492;DHT22;20010;51.488;7.232;2021-04-26T00:13:26;4.20;99.90
33492;DHT22;20010;51.488;7.232;2021-04-26T00:15:52;4.10;99.90
33492;DHT22;20010;51.488;7.232;2021-04-26T00:18:19;4.10;99.90
33492;DHT22;20010;51.488;7.232;2021-04-26T00:20:45;4.10;99.90
33492;DHT22;20010;51.488;7.232;2021-04-26T00:23:12;4.10;99.90
33492;DHT22;20010;51.488;7.232;2021-04-26T00:25:38;4.10;99.90
33492;DHT22;20010;51.488;7.232;2021-04-26T00:28:06;4.00;99.90
33492;DHT22;20010;51.488;7.232;2021-04-26T00:30:35;4.00;99.90
33492;DHT22;20010;51.488;7.232;2021-04-26T00:33:01;4.00;99.90
33492;DHT22;20010;51.488;7.232;2021-04-26T00:35:28;3.90;99.90
33492;DHT22;20010;51.488;7.232;2021-04-26T00:37:55;3.90;99.90
33492;DHT22;20010;51.488;7.232;2021-04-26T00:40:22;3.80;99.90
33492;DHT22;20010;51.488;7.232;2021-04-26T00:42:50;3.70;99.90
33492;DHT22;20010;51.488;7.232;2021-04-26T00:45:19;3.70;99.90
33492;DHT22;20010;51.488;7.232;2021-04-26T00:47:48;3.70;99.90
33492;DHT22;20010;51.488;7.232;2021-04-26T00:50:20;3.60;99.90
33492;DHT22;20010;51.488;7.232;2021-04-26T00:52:48;3.70;99.90
33492;DHT22;20010;51.488;7.232;2021-04-26T00:55:16;3.70;99.90
33492;DHT22;20010;51.488;7.232;2021-04-26T00:57:42;3.70;99.90
33492;DHT22;20010;51.488;7.232;2021-04-26T01:00:10;3.70;99.90
33492;DHT22;20010;51.488;7.232;2021-04-26T01:02:37;3.70;99.90
33492;DHT22;20010;51.488;7.232;2021-04-26T01:05:08;3.70;99.90
33492;DHT22;20010;51.488;7.232;2021-04-26T01:07:40;3.60;99.90
33492;DHT22;20010;51.488;7.232;2021-04-26T01:10:08;3.60;99.90
33492;DHT22;20010;51.488;7.232;2021-04-26T01:15:53;3.50;99.90
33492;DHT22;20010;51.488;7.232;2021-04-26T01:18:28;3.50;99.90
33492;DHT22;20010;51.488;7.232;2021-04-26T01:26:43;3.50;99.90
33492;DHT22;20010;51.488;7.232;2021-04-26T01:32:22;3.50;99.90
33492;DHT22;20010;51.488;7.232;2021-04-26T01:34:51;3.50;99.90
33492;DHT22;20010;51.488;7.232;2021-04-26T01:37:18;3.50;99.90
33492;DHT22;20010;51.488;7.232;2021-04-26T01:39:45;3.50;99.90
33492;DHT22;20010;51.488;7.232;2021-04-26T01:42:16;3.50;99.90
33492;DHT22;20010;51.488;7.232;2021-04-26T01:44:43;3.40;99.90
33492;DHT22;20010;51.488;7.232;2021-04-26T01:47:10;3.40;99.90
33492;DHT22;20010;51.488;7.232;2021-04-26T01:49:39;3.40;99.90
33492;DHT22;20010;51.488;7.232;2021-04-26T01:52:08;3.40;99.90
33492;DHT22;20010;51.488;7.232;2021-04-26T01:54:36;3.40;99.90
33492;DHT22;20010;51.488;7.232;2021-04-26T01:57:04;3.40;99.90
33492;DHT22;20010;51.488;7.232;2021-04-26T01:59:33;3.30;99.90
33492;DHT22;20010;51.488;7.232;2021-04-26T02:02:00;3.30;99.90
33492;DHT22;20010;51.488;7.232;2021-04-26T02:04:29;3.30;99.90
33492;DHT22;20010;51.488;7.232;2021-04-26T02:06:59;3.20;99.90
33492;DHT22;20010;51.488;7.232;2021-04-26T02:09:28;3.20;99.90
33492;DHT22;20010;51.488;7.232;2021-04-26T02:11:56;3.20;99.90
33492;DHT22;20010;51.488;7.232;2021-04-26T02:14:23;3.20;99.90
33492;DHT22;20010;51.488;7.232;2021-04-26T02:16:51;3.10;99.90
33492;DHT22;20010;51.488;7.232;2021-04-26T02:19:18;3.10;99.90
33492;DHT22;20010;51.488;7.232;2021-04-26T02:21:44;3.10;99.90
33492;DHT22;20010;51.488;7.232;2021-04-26T02:24:11;3.00;99.90
33492;DHT22;20010;51.488;7.232;2021-04-26T02:26:37;3.00;99.90
33492;DHT22;20010;51.488;7.232;2021-04-26T02:29:05;2.90;99.90
33492;DHT22;20010;51.488;7.232;2021-04-26T02:31:35;2.90;99.90
33492;DHT22;20010;51.488;7.232;2021-04-26T02:34:12;2.90;99.90
33492;DHT22;20010;51.488;7.232;2021-04-26T02:36:44;2.90;99.90
33492;DHT22;20010;51.488;7.232;2021-04-26T02:39:12;2.90;99.90
33492;DHT22;20010;51.488;7.232;2021-04-26T02:41:42;2.90;99.90
33492;DHT22;20010;51.488;7.232;2021-04-26T02:44:21;2.90;99.90
33492;DHT22;20010;51.488;7.232;2021-04-26T02:46:50;2.90;99.90
33492;DHT22;20010;51.488;7.232;2021-04-26T02:49:20;2.90;99.90
33492;DHT22;20010;51.488;7.232;2021-04-26T02:51:46;2.80;99.90
33492;DHT22;20010;51.488;7.232;2021-04-26T02:54:14;2.80;99.90
33492;DHT22;20010;51.488;7.232;2021-04-26T02:56:41;2.80;99.90
33492;DHT22;20010;51.488;7.232;2021-04-26T02:59:09;2.80;99.90
33492;DHT22;20010;51.488;7.232;2021-04-26T03:01:36;2.80;99.90
33492;DHT22;20010;51.488;7.232;2021-04-26T03:04:04;2.80;99.90
33492;DHT22;20010;51.488;7.232;2021-04-26T03:06:31;2.80;99.90
33492;DHT22;20010;51.488;7.232;2021-04-26T03:08:59;2.80;99.90
33492;DHT22;20010;51.488;7.232;2021-04-26T03:11:26;2.80;99.90
33492;DHT22;20010;51.488;7.232;2021-04-26T03:13:53;2.80;99.90
33492;DHT22;20010;51.488;7.232;2021-04-26T03:16:21;2.80;99.90
33492;DHT22;20010;51.488;7.232;2021-04-26T03:18:48;2.80;99.90
33492;DHT22;20010;51.488;7.232;2021-04-26T03:21:15;2.80;99.90
33492;DHT22;20010;51.488;7.232;2021-04-26T03:23:43;2.80;99.90
33492;DHT22;20010;51.488;7.232;2021-04-26T03:26:10;2.70;99.90
33492;DHT22;20010;51.488;7.232;2021-04-26T03:28:39;2.60;99.90
33492;DHT22;20010;51.488;7.232;2021-04-26T03:31:07;2.70;99.90
33492;DHT22;20010;51.488;7.232;2021-04-26T03:33:35;2.70;99.90
33492;DHT22;20010;51.488;7.232;2021-04-26T03:36:03;2.70;99.90
33492;DHT22;20010;51.488;7.232;2021-04-26T03:38:30;2.60;99.90
33492;DHT22;20010;51.488;7.232;2021-04-26T03:40:57;2.60;99.90
33492;DHT22;20010;51.488;7.232;2021-04-26T03:43:24;2.60;99.90
33492;DHT22;20010;51.488;7.232;2021-04-26T03:45:54;2.60;99.90
33492;DHT22;20010;51.488;7.232;2021-04-26T03:48:21;2.60;99.90
33492;DHT22;20010;51.488;7.232;2021-04-26T03:50:47;2.50;99.90
33492;DHT22;20010;51.488;7.232;2021-04-26T03:53:14;2.60;99.90
33492;DHT22;20010;51.488;7.232;2021-04-26T03:55:40;2.50;99.90
33492;DHT22;20010;51.488;7.232;2021-04-26T03:58:07;2.50;99.90
33492;DHT22;20010;51.488;7.232;2021-04-26T04:00:34;2.50;99.90
33492;DHT22;20010;51.488;7.232;2021-04-26T04:03:08;2.50;99.90
33492;DHT22;20010;51.488;7.232;2021-04-26T04:05:35;2.50;99.90
33492;DHT22;20010;51.488;7.232;2021-04-26T04:08:07;2.50;99.90
33492;DHT22;20010;51.488;7.232;2021-04-26T04:10:33;2.50;99.90
33492;DHT22;20010;51.488;7.232;2021-04-26T04:13:01;2.50;99.90
33492;DHT22;20010;51.488;7.232;2021-04-26T04:15:28;2.50;99.90
33492;DHT22;20010;51.488;7.232;2021-04-26T04:17:54;2.50;99.90
33492;DHT22;20010;51.488;7.232;2021-04-26T04:20:20;2.40;99.90
33492;DHT22;20010;51.488;7.232;2021-04-26T04:22:49;2.40;99.90
33492;DHT22;20010;51.488;7.232;2021-04-26T04:25:15;2.40;99.90
33492;DHT22;20010;51.488;7.232;2021-04-26T04:27:42;2.40;99.90
33492;DHT22;20010;51.488;7.232;2021-04-26T04:30:11;2.40;99.90
33492;DHT22;20010;51.488;7.232;2021-04-26T04:32:38;2.50;99.90
33492;DHT22;20010;51.488;7.232;2021-04-26T04:35:05;2.40;99.90
33492;DHT22;20010;51.488;7.232;2021-04-26T04:37:32;2.40;99.90
33492;DHT22;20010;51.488;7.232;2021-04-26T04:39:58;2.40;99.90
33492;DHT22;20010;51.488;7.232;2021-04-26T04:42:25;2.40;99.90
33492;DHT22;20010;51.488;7.232;2021-04-26T04:44:51;2.30;99.90
33492;DHT22;20010;51.488;7.232;2021-04-26T04:47:17;2.30;99.90
33492;DHT22;20010;51.488;7.232;2021-04-26T04:49:44;2.20;99.90
33492;DHT22;20010;51.488;7.232;2021-04-26T04:52:10;2.20;99.90
33492;DHT22;20010;51.488;7.232;2021-04-26T04:54:38;2.10;99.90
33492;DHT22;20010;51.488;7.232;2021-04-26T04:57:06;2.10;99.90
33492;DHT22;20010;51.488;7.232;2021-04-26T04:59:32;2.10;99.90
33492;DHT22;20010;51.488;7.232;2021-04-26T05:01:58;2.10;99.90
33492;DHT22;20010;51.488;7.232;2021-04-26T05:04:25;2.00;99.90
33492;DHT22;20010;51.488;7.232;2021-04-26T05:06:53;2.00;99.90
33492;DHT22;20010;51.488;7.232;2021-04-26T05:09:22;2.00;99.90
33492;DHT22;20010;51.488;7.232;2021-04-26T05:11:49;2.00;99.90
33492;DHT22;20010;51.488;7.232;2021-04-26T05:14:15;2.00;99.90
33492;DHT22;20010;51.488;7.232;2021-04-26T05:16:41;2.00;99.90
33492;DHT22;20010;51.488;7.232;2021-04-26T05:19:08;2.00;99.90
33492;DHT22;20010;51.488;7.232;2021-04-26T05:21:34;2.00;99.90
33492;DHT22;20010;51.488;7.232;2021-04-26T05:24:00;2.00;99.90
33492;DHT22;20010;51.488;7.232;2021-04-26T05:26:27;2.10;99.90
33492;DHT22;20010;51.488;7.232;2021-04-26T05:28:54;2.10;99.90
33492;DHT22;20010;51.488;7.232;2021-04-26T05:31:20;2.20;99.90
33492;DHT22;20010;51.488;7.232;2021-04-26T05:33:47;2.20;99.90
33492;DHT22;20010;51.488;7.232;2021-04-26T05:36:14;2.30;99.90
33492;DHT22;20010;51.488;7.232;2021-04-26T05:38:40;2.30;99.90
33492;DHT22;20010;51.488;7.232;2021-04-26T05:41:07;2.30;99.90
33492;DHT22;20010;51.488;7.232;2021-04-26T05:43:33;2.40;99.90
33492;DHT22;20010;51.488;7.232;2021-04-26T05:45:59;2.50;99.90
33492;DHT22;20010;51.488;7.232;2021-04-26T05:48:26;2.60;99.90
33492;DHT22;20010;51.488;7.232;2021-04-26T05:50:55;2.70;99.90
33492;DHT22;20010;51.488;7.232;2021-04-26T05:53:22;2.70;99.90
33492;DHT22;20010;51.488;7.232;2021-04-26T05:55:49;2.80;99.90
33492;DHT22;20010;51.488;7.232;2021-04-26T05:58:16;2.90;99.90
33492;DHT22;20010;51.488;7.232;2021-04-26T06:00:43;2.90;99.90
33492;DHT22;20010;51.488;7.232;2021-04-26T06:03:09;3.00;99.90
33492;DHT22;20010;51.488;7.232;2021-04-26T06:05:35;3.10;99.90
33492;DHT22;20010;51.488;7.232;2021-04-26T06:08:02;3.20;99.90
33492;DHT22;20010;51.488;7.232;2021-04-26T06:10:28;3.30;99.90
33492;DHT22;20010;51.488;7.232;2021-04-26T06:12:55;3.40;99.90
33492;DHT22;20010;51.488;7.232;2021-04-26T06:15:23;3.50;99.90
33492;DHT22;20010;51.488;7.232;2021-04-26T06:17:50;3.60;99.90
33492;DHT22;20010;51.488;7.232;2021-04-26T06:20:16;3.70;99.90
33492;DHT22;20010;51.488;7.232;2021-04-26T06:22:43;3.70;99.90
33492;DHT22;20010;51.488;7.232;2021-04-26T06:25:09;3.90;99.90
33492;DHT22;20010;51.488;7.232;2021-04-26T06:27:36;3.90;99.90
33492;DHT22;20010;51.488;7.232;2021-04-26T06:30:04;4.00;99.90
33492;DHT22;20010;51.488;7.232;2021-04-26T06:32:30;4.10;99.90
33492;DHT22;20010;51.488;7.232;2021-04-26T06:34:57;4.20;99.90
33492;DHT22;20010;51.488;7.232;2021-04-26T06:37:23;4.30;99.90
33492;DHT22;20010;51.488;7.232;2021-04-26T06:39:51;4.30;99.90
33492;DHT22;20010;51.488;7.232;2021-04-26T06:42:18;4.40;99.90
33492;DHT22;20010;51.488;7.232;2021-04-26T06:44:44;4.40;99.90
33492;DHT22;20010;51.488;7.232;2021-04-26T06:47:10;4.50;99.90
33492;DHT22;20010;51.488;7.232;2021-04-26T06:49:38;4.60;99.90
33492;DHT22;20010;51.488;7.232;2021-04-26T06:52:07;4.60;99.90
33492;DHT22;20010;51.488;7.232;2021-04-26T06:54:33;4.60;99.90
33492;DHT22;20010;51.488;7.232;2021-04-26T06:56:59;4.80;99.90
33492;DHT22;20010;51.488;7.232;2021-04-26T06:59:25;4.90;99.90
33492;DHT22;20010;51.488;7.232;2021-04-26T07:01:52;5.00;99.90
33492;DHT22;20010;51.488;7.232;2021-04-26T07:04:18;5.20;99.90
33492;DHT22;20010;51.488;7.232;2021-04-26T07:06:45;5.50;99.90
33492;DHT22;20010;51.488;7.232;2021-04-26T07:09:11;5.60;99.90
33492;DHT22;20010;51.488;7.232;2021-04-26T07:11:37;5.60;99.90
33492;DHT22;20010;51.488;7.232;2021-04-26T07:14:06;5.80;99.90
33492;DHT22;20010;51.488;7.232;2021-04-26T07:16:32;5.80;99.90
33492;DHT22;20010;51.488;7.232;2021-04-26T07:18:59;5.90;99.90
33492;DHT22;20010;51.488;7.232;2021-04-26T07:21:26;6.00;99.90
33492;DHT22;20010;51.488;7.232;2021-04-26T07:23:52;6.10;99.90
33492;DHT22;20010;51.488;7.232;2021-04-26T07:26:19;6.20;99.90
33492;DHT22;20010;51.488;7.232;2021-04-26T07:28:45;6.30;99.90
33492;DHT22;20010;51.488;7.232;2021-04-26T07:31:11;6.40;99.90
33492;DHT22;20010;51.488;7.232;2021-04-26T07:33:38;6.60;99.90
33492;DHT22;20010;51.488;7.232;2021-04-26T07:36:05;6.70;99.40
33492;DHT22;20010;51.488;7.232;2021-04-26T07:38:31;6.80;98.30
33492;DHT22;20010;51.488;7.232;2021-04-26T07:40:58;6.90;94.60
33492;DHT22;20010;51.488;7.232;2021-04-26T07:43:25;7.00;90.30
33492;DHT22;20010;51.488;7.232;2021-04-26T07:45:52;7.10;84.20
33492;DHT22;20010;51.488;7.232;2021-04-26T07:48:18;7.20;79.90
33492;DHT22;20010;51.488;7.232;2021-04-26T07:50:45;7.30;76.00
33492;DHT22;20010;51.488;7.232;2021-04-26T07:53:12;7.40;74.90
33492;DHT22;20010;51.488;7.232;2021-04-26T07:55:39;7.50;74.20
33492;DHT22;20010;51.488;7.232;2021-04-26T07:58:06;7.60;73.80
33492;DHT22;20010;51.488;7.232;2021-04-26T08:00:32;7.70;71.40
33492;DHT22;20010;51.488;7.232;2021-04-26T08:02:59;7.80;71.20
33492;DHT22;20010;51.488;7.232;2021-04-26T08:05:27;7.80;69.30
33492;DHT22;20010;51.488;7.232;2021-04-26T08:07:55;7.90;67.40
33492;DHT22;20010;51.488;7.232;2021-04-26T08:10:21;8.10;67.00
33492;DHT22;20010;51.488;7.232;2021-04-26T08:12:47;8.20;66.10
33492;DHT22;20010;51.488;7.232;2021-04-26T08:15:14;8.30;65.10
33492;DHT22;20010;51.488;7.232;2021-04-26T08:17:41;8.40;60.80
33492;DHT22;20010;51.488;7.232;2021-04-26T08:20:08;8.40;60.30
33492;DHT22;20010;51.488;7.232;2021-04-26T08:22:35;8.50;58.80
33492;DHT22;20010;51.488;7.232;2021-04-26T08:25:05;8.70;59.30
33492;DHT22;20010;51.488;7.232;2021-04-26T08:27:32;8.80;59.70
33492;DHT22;20010;51.488;7.232;2021-04-26T08:29:58;9.00;59.30
33492;DHT22;20010;51.488;7.232;2021-04-26T08:32:24;9.20;58.00
33492;DHT22;20010;51.488;7.232;2021-04-26T08:34:51;9.30;58.00
33492;DHT22;20010;51.488;7.232;2021-04-26T08:37:17;9.40;57.60
33492;DHT22;20010;51.488;7.232;2021-04-26T08:39:44;9.50;58.80
33492;DHT22;20010;51.488;7.232;2021-04-26T08:42:10;9.80;57.70
33492;DHT22;20010;51.488;7.232;2021-04-26T08:44:40;10.10;56.10
33492;DHT22;20010;51.488;7.232;2021-04-26T08:47:07;10.20;54.70
33492;DHT22;20010;51.488;7.232;2021-04-26T08:49:34;10.20;53.70
33492;DHT22;20010;51.488;7.232;2021-04-26T08:52:00;10.20;53.40
33492;DHT22;20010;51.488;7.232;2021-04-26T08:54:27;10.20;53.50
33492;DHT22;20010;51.488;7.232;2021-04-26T08:56:53;10.30;53.70
33492;DHT22;20010;51.488;7.232;2021-04-26T08:59:20;10.50;53.60
33492;DHT22;20010;51.488;7.232;2021-04-26T09:01:48;10.50;52.80
33492;DHT22;20010;51.488;7.232;2021-04-26T09:04:23;10.50;52.10
33492;DHT22;20010;51.488;7.232;2021-04-26T09:06:55;10.60;52.20
33492;DHT22;20010;51.488;7.232;2021-04-26T09:17:25;11.10;50.40
33492;DHT22;20010;51.488;7.232;2021-04-26T09:19:53;11.10;50.10
33492;DHT22;20010;51.488;7.232;2021-04-26T09:22:38;11.20;50.40
33492;DHT22;20010;51.488;7.232;2021-04-26T09:25:19;11.20;50.00
33492;DHT22;20010;51.488;7.232;2021-04-26T09:28:04;11.30;49.70
33492;DHT22;20010;51.488;7.232;2021-04-26T09:30:49;11.40;49.50
33492;DHT22;20010;51.488;7.232;2021-04-26T09:33:34;11.50;49.70
33492;DHT22;20010;51.488;7.232;2021-04-26T09:36:08;11.70;49.50
33492;DHT22;20010;51.488;7.232;2021-04-26T09:38:49;11.90;48.50
33492;DHT22;20010;51.488;7.232;2021-04-26T09:41:30;12.10;48.10
33492;DHT22;20010;51.488;7.232;2021-04-26T09:46:47;12.40;46.90
33492;DHT22;20010;51.488;7.232;2021-04-26T09:51:55;12.50;46.60
33492;DHT22;20010;51.488;7.232;2021-04-26T09:54:38;12.70;46.90
33492;DHT22;20010;51.488;7.232;2021-04-26T09:57:06;12.70;46.40
33492;DHT22;20010;51.488;7.232;2021-04-26T09:59:33;12.90;46.40
33492;DHT22;20010;51.488;7.232;2021-04-26T10:02:00;13.10;46.50
33492;DHT22;20010;51.488;7.232;2021-04-26T10:04:27;13.10;45.60
33492;DHT22;20010;51.488;7.232;2021-04-26T10:06:54;13.20;46.30
33492;DHT22;20010;51.488;7.232;2021-04-26T10:09:22;13.10;44.80
33492;DHT22;20010;51.488;7.232;2021-04-26T10:11:50;13.20;44.70
33492;DHT22;20010;51.488;7.232;2021-04-26T10:14:18;13.40;45.40
33492;DHT22;20010;51.488;7.232;2021-04-26T10:16:55;13.60;44.90
33492;DHT22;20010;51.488;7.232;2021-04-26T10:19:31;13.80;43.70
33492;DHT22;20010;51.488;7.232;2021-04-26T10:21:59;14.10;43.10
33492;DHT22;20010;51.488;7.232;2021-04-26T10:24:29;14.30;41.80
33492;DHT22;20010;51.488;7.232;2021-04-26T10:27:02;14.40;41.80
33492;DHT22;20010;51.488;7.232;2021-04-26T10:29:39;14.50;41.10
33492;DHT22;20010;51.488;7.232;2021-04-26T10:32:09;14.70;41.90
33492;DHT22;20010;51.488;7.232;2021-04-26T10:44:57;14.90;40.80
33492;DHT22;20010;51.488;7.232;2021-04-26T10:47:30;15.00;41.60
33492;DHT22;20010;51.488;7.232;2021-04-26T10:55:04;15.40;40.40
33492;DHT22;20010;51.488;7.232;2021-04-26T11:05:23;16.00;40.20
33492;DHT22;20010;51.488;7.232;2021-04-26T11:07:54;16.10;39.50
33492;DHT22;20010;51.488;7.232;2021-04-26T11:12:59;16.40;39.00
33492;DHT22;20010;51.488;7.232;2021-04-26T11:15:27;16.50;38.60
33492;DHT22;20010;51.488;7.232;2021-04-26T11:17:54;16.60;38.60
33492;DHT22;20010;51.488;7.232;2021-04-26T11:20:26;16.70;37.90
33492;DHT22;20010;51.488;7.232;2021-04-26T11:22:54;16.70;37.60
33492;DHT22;20010;51.488;7.232;2021-04-26T11:25:34;16.70;37.50
33492;DHT22;20010;51.488;7.232;2021-04-26T11:28:02;16.80;38.00
33492;DHT22;20010;51.488;7.232;2021-04-26T11:30:31;17.00;38.60
33492;DHT22;20010;51.488;7.232;2021-04-26T11:33:05;17.10;37.60
33492;DHT22;20010;51.488;7.232;2021-04-26T11:35:33;17.20;36.20
33492;DHT22;20010;51.488;7.232;2021-04-26T11:38:00;17.30;35.30
33492;DHT22;20010;51.488;7.232;2021-04-26T11:40:29;17.30;35.40
33492;DHT22;20010;51.488;7.232;2021-04-26T11:43:07;17.30;35.60
33492;DHT22;20010;51.488;7.232;2021-04-26T11:45:36;17.40;36.00
33492;DHT22;20010;51.488;7.232;2021-04-26T11:48:03;17.30;36.50
33492;DHT22;20010;51.488;7.232;2021-04-26T11:50:30;17.30;36.30
33492;DHT22;20010;51.488;7.232;2021-04-26T11:52:56;17.10;35.50
33492;DHT22;20010;51.488;7.232;2021-04-26T11:55:22;17.10;35.90
33492;DHT22;20010;51.488;7.232;2021-04-26T11:57:55;17.10;36.50
33492;DHT22;20010;51.488;7.232;2021-04-26T12:00:27;17.10;35.80
33492;DHT22;20010;51.488;7.232;2021-04-26T12:03:05;17.10;37.70
33492;DHT22;20010;51.488;7.232;2021-04-26T12:05:32;17.20;36.80
33492;DHT22;20010;51.488;7.232;2021-04-26T12:07:59;17.10;36.70
33492;DHT22;20010;51.488;7.232;2021-04-26T12:10:31;17.20;36.20
33492;DHT22;20010;51.488;7.232;2021-04-26T12:13:02;17.30;36.90
33492;DHT22;20010;51.488;7.232;2021-04-26T12:15:34;17.60;36.90
33492;DHT22;20010;51.488;7.232;2021-04-26T12:18:06;17.70;34.90
33492;DHT22;20010;51.488;7.232;2021-04-26T12:20:34;17.80;35.50
33492;DHT22;20010;51.488;7.232;2021-04-26T12:23:14;17.90;36.00
33492;DHT22;20010;51.488;7.232;2021-04-26T12:25:42;18.10;35.30
33492;DHT22;20010;51.488;7.232;2021-04-26T12:28:14;18.40;35.70
33492;DHT22;20010;51.488;7.232;2021-04-26T12:30:46;18.60;34.80
33492;DHT22;20010;51.488;7.232;2021-04-26T12:33:39;18.90;35.00
33492;DHT22;20010;51.488;7.232;2021-04-26T12:36:05;19.00;34.40
33492;DHT22;20010;51.488;7.232;2021-04-26T12:38:36;18.70;34.90
33492;DHT22;20010;51.488;7.232;2021-04-26T12:41:04;18.70;35.10
33492;DHT22;20010;51.488;7.232;2021-04-26T12:43:34;18.70;35.90
33492;DHT22;20010;51.488;7.232;2021-04-26T12:46:06;18.90;35.70
33492;DHT22;20010;51.488;7.232;2021-04-26T12:48:33;19.10;35.30
33492;DHT22;20010;51.488;7.232;2021-04-26T12:51:02;19.20;34.80
33492;DHT22;20010;51.488;7.232;2021-04-26T12:53:32;19.40;34.50
33492;DHT22;20010;51.488;7.232;2021-04-26T12:58:43;19.40;34.00
33492;DHT22;20010;51.488;7.232;2021-04-26T13:06:42;20.00;32.80
33492;DHT22;20010;51.488;7.232;2021-04-26T13:09:13;20.10;32.00
33492;DHT22;20010;51.488;7.232;2021-04-26T13:11:47;20.10;31.70
33492;DHT22;20010;51.488;7.232;2021-04-26T13:14:26;20.10;32.60
33492;DHT22;20010;51.488;7.232;2021-04-26T13:16:59;20.20;32.10
33492;DHT22;20010;51.488;7.232;2021-04-26T13:19:27;20.30;32.80
33492;DHT22;20010;51.488;7.232;2021-04-26T13:21:54;20.30;31.80
33492;DHT22;20010;51.488;7.232;2021-04-26T13:24:31;20.30;32.40
33492;DHT22;20010;51.488;7.232;2021-04-26T13:27:09;20.60;33.40
33492;DHT22;20010;51.488;7.232;2021-04-26T13:29:37;20.70;32.50
33492;DHT22;20010;51.488;7.232;2021-04-26T13:32:07;20.80;32.00
33492;DHT22;20010;51.488;7.232;2021-04-26T13:34:41;21.00;31.50
33492;DHT22;20010;51.488;7.232;2021-04-26T13:37:08;20.90;30.90
33492;DHT22;20010;51.488;7.232;2021-04-26T13:39:35;21.00;30.10
33492;DHT22;20010;51.488;7.232;2021-04-26T13:42:02;20.70;31.20
33492;DHT22;20010;51.488;7.232;2021-04-26T13:44:32;20.80;32.80
33492;DHT22;20010;51.488;7.232;2021-04-26T13:46:58;20.70;30.40
33492;DHT22;20010;51.488;7.232;2021-04-26T13:49:25;20.80;31.20
33492;DHT22;20010;51.488;7.232;2021-04-26T13:51:51;20.80;30.50
33492;DHT22;20010;51.488;7.232;2021-04-26T13:54:22;20.60;30.60
33492;DHT22;20010;51.488;7.232;2021-04-26T13:57:08;20.60;31.20
33492;DHT22;20010;51.488;7.232;2021-04-26T13:59:34;20.60;31.10
33492;DHT22;20010;51.488;7.232;2021-04-26T14:02:04;20.70;29.80
33492;DHT22;20010;51.488;7.232;2021-04-26T14:04:33;20.80;31.60
33492;DHT22;20010;51.488;7.232;2021-04-26T14:07:01;21.00;30.00
33492;DHT22;20010;51.488;7.232;2021-04-26T14:09:28;21.20;30.20
33492;DHT22;20010;51.488;7.232;2021-04-26T14:11:54;21.30;30.00
33492;DHT22;20010;51.488;7.232;2021-04-26T14:14:21;21.50;30.00
33492;DHT22;20010;51.488;7.232;2021-04-26T14:16:48;21.70;29.90
33492;DHT22;20010;51.488;7.232;2021-04-26T14:19:14;21.90;29.90
33492;DHT22;20010;51.488;7.232;2021-04-26T14:21:41;22.10;29.30
33492;DHT22;20010;51.488;7.232;2021-04-26T14:24:08;22.20;29.00
33492;DHT22;20010;51.488;7.232;2021-04-26T14:26:34;22.20;28.70
33492;DHT22;20010;51.488;7.232;2021-04-26T14:29:03;22.40;28.60
33492;DHT22;20010;51.488;7.232;2021-04-26T14:31:30;22.60;28.90
33492;DHT22;20010;51.488;7.232;2021-04-26T14:33:56;22.60;28.00
33492;DHT22;20010;51.488;7.232;2021-04-26T14:36:24;23.10;28.00
33492;DHT22;20010;51.488;7.232;2021-04-26T14:38:50;23.50;27.30
33492;DHT22;20010;51.488;7.232;2021-04-26T14:41:17;24.10;26.50
33492;DHT22;20010;51.488;7.232;2021-04-26T14:43:44;24.80;25.90
33492;DHT22;20010;51.488;7.232;2021-04-26T14:46:10;25.50;25.40
33492;DHT22;20010;51.488;7.232;2021-04-26T14:48:36;26.00;24.90
33492;DHT22;20010;51.488;7.232;2021-04-26T14:51:03;26.60;25.50
33492;DHT22;20010;51.488;7.232;2021-04-26T14:53:29;27.00;24.20
33492;DHT22;20010;51.488;7.232;2021-04-26T14:55:56;27.60;24.50
33492;DHT22;20010;51.488;7.232;2021-04-26T14:58:22;27.90;23.40
33492;DHT22;20010;51.488;7.232;2021-04-26T15:00:49;27.90;23.40
33492;DHT22;20010;51.488;7.232;2021-04-26T15:03:15;27.90;23.80
33492;DHT22;20010;51.488;7.232;2021-04-26T15:05:41;28.20;23.00
33492;DHT22;20010;51.488;7.232;2021-04-26T15:08:08;28.50;23.40
33492;DHT22;20010;51.488;7.232;2021-04-26T15:10:34;28.70;22.30
33492;DHT22;20010;51.488;7.232;2021-04-26T15:13:01;28.80;22.10
33492;DHT22;20010;51.488;7.232;2021-04-26T15:15:27;28.70;22.30
33492;DHT22;20010;51.488;7.232;2021-04-26T15:17:54;28.60;22.10
33492;DHT22;20010;51.488;7.232;2021-04-26T15:20:32;28.60;21.50
33492;DHT22;20010;51.488;7.232;2021-04-26T15:22:58;28.50;21.50
33492;DHT22;20010;51.488;7.232;2021-04-26T15:25:25;28.30;21.70
33492;DHT22;20010;51.488;7.232;2021-04-26T15:27:54;28.60;21.80
33492;DHT22;20010;51.488;7.232;2021-04-26T15:30:20;28.90;21.30
33492;DHT22;20010;51.488;7.232;2021-04-26T15:32:47;29.20;21.70
33492;DHT22;20010;51.488;7.232;2021-04-26T15:35:14;29.50;21.40
33492;DHT22;20010;51.488;7.232;2021-04-26T15:37:40;29.60;21.20
33492;DHT22;20010;51.488;7.232;2021-04-26T15:40:07;29.30;20.80
33492;DHT22;20010;51.488;7.232;2021-04-26T15:42:36;29.20;20.70
33492;DHT22;20010;51.488;7.232;2021-04-26T15:45:04;28.80;21.50
33492;DHT22;20010;51.488;7.232;2021-04-26T15:47:33;28.70;21.90
33492;DHT22;20010;51.488;7.232;2021-04-26T15:49:59;28.80;21.70
33492;DHT22;20010;51.488;7.232;2021-04-26T15:52:26;28.80;21.60
33492;DHT22;20010;51.488;7.232;2021-04-26T15:54:52;28.40;20.80
33492;DHT22;20010;51.488;7.232;2021-04-26T15:57:19;28.70;21.20
33492;DHT22;20010;51.488;7.232;2021-04-26T15:59:45;29.00;20.80
33492;DHT22;20010;51.488;7.232;2021-04-26T16:02:12;29.20;20.80
33492;DHT22;20010;51.488;7.232;2021-04-26T16:04:38;29.40;21.20
33492;DHT22;20010;51.488;7.232;2021-04-26T16:07:04;29.30;20.50
33492;DHT22;20010;51.488;7.232;2021-04-26T16:09:31;29.10;20.60
33492;DHT22;20010;51.488;7.232;2021-04-26T16:11:57;28.90;21.00
33492;DHT22;20010;51.488;7.232;2021-04-26T16:14:24;29.10;21.20
33492;DHT22;20010;51.488;7.232;2021-04-26T16:16:50;29.00;20.10
33492;DHT22;20010;51.488;7.232;2021-04-26T16:19:17;28.80;20.80
33492;DHT22;20010;51.488;7.232;2021-04-26T16:21:47;28.60;21.00
33492;DHT22;20010;51.488;7.232;2021-04-26T16:24:14;28.20;21.50
33492;DHT22;20010;51.488;7.232;2021-04-26T16:26:41;28.20;21.80
33492;DHT22;20010;51.488;7.232;2021-04-26T16:29:07;28.30;21.50
33492;DHT22;20010;51.488;7.232;2021-04-26T16:31:35;28.30;21.50
33492;DHT22;20010;51.488;7.232;2021-04-26T16:34:02;28.10;21.40
33492;DHT22;20010;51.488;7.232;2021-04-26T16:36:28;28.10;21.70
33492;DHT22;20010;51.488;7.232;2021-04-26T16:38:55;28.00;21.20
33492;DHT22;20010;51.488;7.232;2021-04-26T16:41:25;27.80;21.10
33492;DHT22;20010;51.488;7.232;2021-04-26T16:43:51;27.50;21.30
33492;DHT22;20010;51.488;7.232;2021-04-26T16:46:19;26.50;21.80
33492;DHT22;20010;51.488;7.232;2021-04-26T16:48:45;26.00;22.20
33492;DHT22;20010;51.488;7.232;2021-04-26T16:51:12;25.30;22.60
33492;DHT22;20010;51.488;7.232;2021-04-26T16:53:39;23.90;24.00
33492;DHT22;20010;51.488;7.232;2021-04-26T16:56:06;22.40;25.30
33492;DHT22;20010;51.488;7.232;2021-04-26T16:58:34;21.10;26.70
33492;DHT22;20010;51.488;7.232;2021-04-26T17:01:01;19.90;27.90
33492;DHT22;20010;51.488;7.232;2021-04-26T17:03:27;18.90;28.80
33492;DHT22;20010;51.488;7.232;2021-04-26T17:05:53;18.10;29.70
33492;DHT22;20010;51.488;7.232;2021-04-26T17:08:20;17.50;31.40
33492;DHT22;20010;51.488;7.232;2021-04-26T17:10:46;17.00;32.10
33492;DHT22;20010;51.488;7.232;2021-04-26T17:13:13;16.50;33.50
33492;DHT22;20010;51.488;7.232;2021-04-26T17:15:39;16.20;34.00
33492;DHT22;20010;51.488;7.232;2021-04-26T17:18:05;15.90;34.40
33492;DHT22;20010;51.488;7.232;2021-04-26T17:20:32;15.70;34.90
33492;DHT22;20010;51.488;7.232;2021-04-26T17:22:58;15.50;35.20
33492;DHT22;20010;51.488;7.232;2021-04-26T17:25:26;15.20;35.30
33492;DHT22;20010;51.488;7.232;2021-04-26T17:27:53;15.00;36.40
33492;DHT22;20010;51.488;7.232;2021-04-26T17:30:21;14.90;36.50
33492;DHT22;20010;51.488;7.232;2021-04-26T17:32:47;14.70;36.80
33492;DHT22;20010;51.488;7.232;2021-04-26T17:35:14;14.50;37.40
33492;DHT22;20010;51.488;7.232;2021-04-26T17:37:41;14.30;37.80
33492;DHT22;20010;51.488;7.232;2021-04-26T17:40:09;14.20;38.10
33492;DHT22;20010;51.488;7.232;2021-04-26T17:42:36;14.00;38.00
33492;DHT22;20010;51.488;7.232;2021-04-26T17:45:08;13.90;38.40
33492;DHT22;20010;51.488;7.232;2021-04-26T17:47:35;13.80;39.50
33492;DHT22;20010;51.488;7.232;2021-04-26T17:50:02;13.60;39.50
33492;DHT22;20010;51.488;7.232;2021-04-26T17:52:28;13.50;40.10
33492;DHT22;20010;51.488;7.232;2021-04-26T17:54:55;13.40;39.70
33492;DHT22;20010;51.488;7.232;2021-04-26T17:57:21;13.30;39.60
33492;DHT22;20010;51.488;7.232;2021-04-26T17:59:48;13.10;39.90
33492;DHT22;20010;51.488;7.232;2021-04-26T18:02:14;12.90;41.40
33492;DHT22;20010;51.488;7.232;2021-04-26T18:04:41;12.80;41.50
33492;DHT22;20010;51.488;7.232;2021-04-26T18:07:07;12.70;42.30
33492;DHT22;20010;51.488;7.232;2021-04-26T18:09:34;12.60;41.50
33492;DHT22;20010;51.488;7.232;2021-04-26T18:12:00;12.50;41.90
33492;DHT22;20010;51.488;7.232;2021-04-26T18:14:27;12.40;42.30
33492;DHT22;20010;51.488;7.232;2021-04-26T18:16:53;12.30;43.60
33492;DHT22;20010;51.488;7.232;2021-04-26T18:19:20;12.20;43.70
33492;DHT22;20010;51.488;7.232;2021-04-26T18:21:46;12.10;43.30
33492;DHT22;20010;51.488;7.232;2021-04-26T18:24:13;12.00;43.40
33492;DHT22;20010;51.488;7.232;2021-04-26T18:26:39;11.90;43.80
33492;DHT22;20010;51.488;7.232;2021-04-26T18:29:09;11.90;43.90
33492;DHT22;20010;51.488;7.232;2021-04-26T18:31:36;11.70;44.20
33492;DHT22;20010;51.488;7.232;2021-04-26T18:34:02;11.60;44.10
33492;DHT22;20010;51.488;7.232;2021-04-26T18:36:29;11.60;44.70
33492;DHT22;20010;51.488;7.232;2021-04-26T18:38:55;11.50;45.40
33492;DHT22;20010;51.488;7.232;2021-04-26T18:41:23;11.40;45.50
33492;DHT22;20010;51.488;7.232;2021-04-26T18:43:49;11.30;45.40
33492;DHT22;20010;51.488;7.232;2021-04-26T18:46:16;11.20;45.30
33492;DHT22;20010;51.488;7.232;2021-04-26T18:48:42;11.10;45.60
33492;DHT22;20010;51.488;7.232;2021-04-26T18:51:09;11.00;45.80
33492;DHT22;20010;51.488;7.232;2021-04-26T18:53:36;11.00;46.40
33492;DHT22;20010;51.488;7.232;2021-04-26T18:56:04;10.90;46.60
33492;DHT22;20010;51.488;7.232;2021-04-26T18:58:30;10.90;46.60
33492;DHT22;20010;51.488;7.232;2021-04-26T19:00:57;10.80;46.90
33492;DHT22;20010;51.488;7.232;2021-04-26T19:03:24;10.80;46.80
33492;DHT22;20010;51.488;7.232;2021-04-26T19:05:50;10.70;46.80
33492;DHT22;20010;51.488;7.232;2021-04-26T19:08:18;10.70;46.60
33492;DHT22;20010;51.488;7.232;2021-04-26T19:10:45;10.60;47.30
33492;DHT22;20010;51.488;7.232;2021-04-26T19:13:12;10.60;47.10
33492;DHT22;20010;51.488;7.232;2021-04-26T19:15:39;10.60;47.20
33492;DHT22;20010;51.488;7.232;2021-04-26T19:18:05;10.50;47.50
33492;DHT22;20010;51.488;7.232;2021-04-26T19:20:33;10.40;47.80
33492;DHT22;20010;51.488;7.232;2021-04-26T19:23:00;10.30;48.10
33492;DHT22;20010;51.488;7.232;2021-04-26T19:25:27;10.30;48.30
33492;DHT22;20010;51.488;7.232;2021-04-26T19:27:53;10.20;48.10
33492;DHT22;20010;51.488;7.232;2021-04-26T19:30:22;10.20;48.80
33492;DHT22;20010;51.488;7.232;2021-04-26T19:32:49;10.10;48.70
33492;DHT22;20010;51.488;7.232;2021-04-26T19:35:17;10.00;48.90
33492;DHT22;20010;51.488;7.232;2021-04-26T19:37:49;10.00;49.20
33492;DHT22;20010;51.488;7.232;2021-04-26T19:40:16;9.90;49.50
33492;DHT22;20010;51.488;7.232;2021-04-26T19:42:43;9.80;49.60
33492;DHT22;20010;51.488;7.232;2021-04-26T19:45:09;9.80;50.60
33492;DHT22;20010;51.488;7.232;2021-04-26T19:47:36;9.70;50.10
33492;DHT22;20010;51.488;7.232;2021-04-26T19:50:04;9.70;50.40
33492;DHT22;20010;51.488;7.232;2021-04-26T19:52:33;9.60;50.90
33492;DHT22;20010;51.488;7.232;2021-04-26T19:54:59;9.60;50.50
33492;DHT22;20010;51.488;7.232;2021-04-26T19:57:25;9.50;51.00
33492;DHT22;20010;51.488;7.232;2021-04-26T19:59:52;9.50;51.20
33492;DHT22;20010;51.488;7.232;2021-04-26T20:02:18;9.40;51.80
33492;DHT22;20010;51.488;7.232;2021-04-26T20:04:45;9.40;52.00
33492;DHT22;20010;51.488;7.232;2021-04-26T20:07:11;9.40;52.10
33492;DHT22;20010;51.488;7.232;2021-04-26T20:09:39;9.30;52.50
33492;DHT22;20010;51.488;7.232;2021-04-26T20:12:06;9.30;52.40
33492;DHT22;20010;51.488;7.232;2021-04-26T20:14:35;9.20;53.10
33492;DHT22;20010;51.488;7.232;2021-04-26T20:17:03;9.20;53.60
33492;DHT22;20010;51.488;7.232;2021-04-26T20:19:30;9.10;53.10
33492;DHT22;20010;51.488;7.232;2021-04-26T20:21:57;9.10;53.00
33492;DHT22;20010;51.488;7.232;2021-04-26T20:24:24;9.10;52.80
33492;DHT22;20010;51.488;7.232;2021-04-26T20:26:50;9.00;52.80
33492;DHT22;20010;51.488;7.232;2021-04-26T20:29:16;9.00;53.10
33492;DHT22;20010;51.488;7.232;2021-04-26T20:31:44;9.00;53.40
33492;DHT22;20010;51.488;7.232;2021-04-26T20:34:11;9.00;53.60
33492;DHT22;20010;51.488;7.232;2021-04-26T20:36:37;9.00;53.40
33492;DHT22;20010;51.488;7.232;2021-04-26T20:39:04;8.90;53.60
33492;DHT22;20010;51.488;7.232;2021-04-26T20:41:31;8.90;53.60
33492;DHT22;20010;51.488;7.232;2021-04-26T20:43:57;8.90;53.80
33492;DHT22;20010;51.488;7.232;2021-04-26T20:46:24;8.80;54.10
33492;DHT22;20010;51.488;7.232;2021-04-26T20:48:51;8.80;54.30
33492;DHT22;20010;51.488;7.232;2021-04-26T20:51:18;8.70;54.60
33492;DHT22;20010;51.488;7.232;2021-04-26T20:53:44;8.70;55.00
33492;DHT22;20010;51.488;7.232;2021-04-26T20:56:11;8.60;55.40
33492;DHT22;20010;51.488;7.232;2021-04-26T20:58:38;8.60;55.10
33492;DHT22;20010;51.488;7.232;2021-04-26T21:01:04;8.60;54.90
33492;DHT22;20010;51.488;7.232;2021-04-26T21:03:34;8.60;55.00
33492;DHT22;20010;51.488;7.232;2021-04-26T21:06:00;8.60;54.90
33492;DHT22;20010;51.488;7.232;2021-04-26T21:08:26;8.60;54.90
33492;DHT22;20010;51.488;7.232;2021-04-26T21:10:53;8.60;55.10
33492;DHT22;20010;51.488;7.232;2021-04-26T21:13:19;8.60;55.10
33492;DHT22;20010;51.488;7.232;2021-04-26T21:15:46;8.60;55.00
33492;DHT22;20010;51.488;7.232;2021-04-26T21:18:12;8.60;55.00
33492;DHT22;20010;51.488;7.232;2021-04-26T21:20:40;8.60;55.00
33492;DHT22;20010;51.488;7.232;2021-04-26T21:23:06;8.60;54.90
33492;DHT22;20010;51.488;7.232;2021-04-26T21:25:32;8.60;55.00
33492;DHT22;20010;51.488;7.232;2021-04-26T21:27:59;8.50;54.90
33492;DHT22;20010;51.488;7.232;2021-04-26T21:30:25;8.40;55.00
33492;DHT22;20010;51.488;7.232;2021-04-26T21:32:52;8.40;55.50
33492;DHT22;20010;51.488;7.232;2021-04-26T21:35:18;8.40;55.40
33492;DHT22;20010;51.488;7.232;2021-04-26T21:37:44;8.40;55.60
33492;DHT22;20010;51.488;7.232;2021-04-26T21:40:12;8.40;55.80
33492;DHT22;20010;51.488;7.232;2021-04-26T21:42:39;8.30;56.00
33492;DHT22;20010;51.488;7.232;2021-04-26T21:45:06;8.30;56.00
33492;DHT22;20010;51.488;7.232;2021-04-26T21:47:32;8.30;56.10
33492;DHT22;20010;51.488;7.232;2021-04-26T21:49:59;8.20;56.20
33492;DHT22;20010;51.488;7.232;2021-04-26T21:52:25;8.20;56.40
33492;DHT22;20010;51.488;7.232;2021-04-26T21:54:52;8.10;56.40
33492;DHT22;20010;51.488;7.232;2021-04-26T21:57:19;8.10;56.40
33492;DHT22;20010;51.488;7.232;2021-04-26T21:59:45;8.00;56.40
33492;DHT22;20010;51.488;7.232;2021-04-26T22:02:11;8.00;56.60
33492;DHT22;20010;51.488;7.232;2021-04-26T22:04:38;7.90;56.70
33492;DHT22;20010;51.488;7.232;2021-04-26T22:07:04;7.90;57.50
33492;DHT22;20010;51.488;7.232;2021-04-26T22:09:31;7.80;57.30
33492;DHT22;20010;51.488;7.232;2021-04-26T22:11:57;7.80;57.70
33492;DHT22;20010;51.488;7.232;2021-04-26T22:14:23;7.80;57.80
33492;DHT22;20010;51.488;7.232;2021-04-26T22:16:50;7.70;58.00
33492;DHT22;20010;51.488;7.232;2021-04-26T22:19:16;7.70;58.00
33492;DHT22;20010;51.488;7.232;2021-04-26T22:21:43;7.70;58.30
33492;DHT22;20010;51.488;7.232;2021-04-26T22:24:11;7.60;58.40
33492;DHT22;20010;51.488;7.232;2021-04-26T22:26:41;7.50;58.70
33492;DHT22;20010;51.488;7.232;2021-04-26T22:29:08;7.50;58.90
33492;DHT22;20010;51.488;7.232;2021-04-26T22:31:34;7.50;59.20
33492;DHT22;20010;51.488;7.232;2021-04-26T22:34:00;7.40;59.30
33492;DHT22;20010;51.488;7.232;2021-04-26T22:36:27;7.40;59.30
33492;DHT22;20010;51.488;7.232;2021-04-26T22:38:53;7.30;59.40
33492;DHT22;20010;51.488;7.232;2021-04-26T22:41:20;7.30;59.90
33492;DHT22;20010;51.488;7.232;2021-04-26T22:43:49;7.30;60.00
33492;DHT22;20010;51.488;7.232;2021-04-26T22:46:15;7.20;60.10
33492;DHT22;20010;51.488;7.232;2021-04-26T22:48:42;7.20;60.10
33492;DHT22;20010;51.488;7.232;2021-04-26T22:51:08;7.20;60.70
33492;DHT22;20010;51.488;7.232;2021-04-26T22:53:35;7.10;60.70
33492;DHT22;20010;51.488;7.232;2021-04-26T22:56:01;7.10;60.80
33492;DHT22;20010;51.488;7.232;2021-04-26T22:58:27;7.10;60.80
33492;DHT22;20010;51.488;7.232;2021-04-26T23:01:15;7.00;60.90
33492;DHT22;20010;51.488;7.232;2021-04-26T23:03:42;7.00;61.20
33492;DHT22;20010;51.488;7.232;2021-04-26T23:06:09;6.90;61.20
33492;DHT22;20010;51.488;7.232;2021-04-26T23:08:36;6.90;61.40
33492;DHT22;20010;51.488;7.232;2021-04-26T23:11:03;6.90;61.60
33492;DHT22;20010;51.488;7.232;2021-04-26T23:13:29;6.80;62.10
33492;DHT22;20010;51.488;7.232;2021-04-26T23:15:58;6.80;62.30
33492;DHT22;20010;51.488;7.232;2021-04-26T23:18:24;6.70;62.30
33492;DHT22;20010;51.488;7.232;2021-04-26T23:20:51;6.70;62.40
33492;DHT22;20010;51.488;7.232;2021-04-26T23:23:18;6.70;62.70
33492;DHT22;20010;51.488;7.232;2021-04-26T23:25:45;6.70;62.70
33492;DHT22;20010;51.488;7.232;2021-04-26T23:28:11;6.70;63.10
33492;DHT22;20010;51.488;7.232;2021-04-26T23:30:38;6.70;63.30
33492;DHT22;20010;51.488;7.232;2021-04-26T23:33:04;6.60;63.30
33492;DHT22;20010;51.488;7.232;2021-04-26T23:35:31;6.50;63.60
33492;DHT22;20010;51.488;7.232;2021-04-26T23:37:57;6.50;63.70
33492;DHT22;20010;51.488;7.232;2021-04-26T23:40:25;6.50;64.20
33492;DHT22;20010;51.488;7.232;2021-04-26T23:42:52;6.40;64.90
33492;DHT22;20010;51.488;7.232;2021-04-26T23:45:18;6.40;65.20
33492;DHT22;20010;51.488;7.232;2021-04-26T23:47:48;6.40;65.60
33492;DHT22;20010;51.488;7.232;2021-04-26T23:50:15;6.30;65.90
33492;DHT22;20010;51.488;7.232;2021-04-26T23:52:41;6.30;66.20
33492;DHT22;20010;51.488;7.232;2021-04-26T23:55:08;6.30;67.10
33492;DHT22;20010;51.488;7.232;2021-04-26T23:57:35;6.20;67.10
